name,position,minutes,duels_total_api,duels_won_api,goals_total_api,shots_total_api,shots_on_target_api,assists_total_api,dribbles_attempts_api,dribbles_success_api,touches_total_api,passes_key_api,passes_total_api,passes_accuracy_perc,shots_on_target_perc,dribbles_success_perc,name_clean,team_clean,duels_total_p90,duels_won_p90,goals_p90,shots_total_p90,shots_on_target_p90,assists_p90,dribbles_attempts_p90,dribbles_success_p90,touches_total_p90,passes_key_p90,passes_total_p90,team_AS Roma,team_Atalanta,team_Bologna,team_Cagliari,team_Empoli,team_Fiorentina,team_Genoa,team_Inter,team_Juventus,team_Lazio,team_Lecce,team_Monza,team_Napoli,team_Salernitana,team_Sassuolo,team_Torino,team_Udinese,team_Verona,league,team_Le Havre,team_Lens,team_Lille,team_Lorient,team_Lyon,team_Marseille,team_Metz,team_Monaco,team_Montpellier,team_Nantes,team_Nice,team_Paris Saint Germain,team_Reims,team_Rennes,team_Stade Brestois 29,team_Strasbourg,team_Toulouse,team_Almeria,team_Athletic Club,team_Atletico Madrid,team_Barcelona,team_Cadiz,team_Celta Vigo,team_Getafe,team_Girona,team_Las Palmas,team_Mallorca,team_Osasuna,team_Rayo Vallecano,team_Real Madrid,team_Real Sociedad,team_Valencia,team_Villarreal
F. Caputo,Attacker,1274.0,80.0,33.0,3.0,18.0,0,0.0,9.0,5.0,0,10.0,213.0,75.9,0.0,55.55555555555556,francesco caputo,empoli,5.65149136577708,2.3312401883830454,0.2119309262166404,1.2715855572998431,0.0,0.0,0.6357927786499216,0.3532182103610675,0.0,0.706436420722135,15.047095761381478,False,False,False,False,True,False,False,False,False,False,False,False,False,False,False,False,False,False,Serie A,,,,,,,,,,,,,,,,,,,,,,,,,,,,,,,,,
I. Success,Attacker,870.0,186.0,87.0,1.0,16.0,0,1.0,34.0,20.0,0,11.0,201.0,63.7,0.0,58.82352941176471,isaac success,udinese,19.24137931034483,9.0,0.1034482758620689,1.6551724137931034,0.0,0.1034482758620689,3.5172413793103448,2.0689655172413794,0.0,1.137931034482759,20.79310344827586,False,False,False,False,False,False,False,False,False,False,False,False,False,False,False,False,True,False,Serie A,,,,,,,,,,,,,,,,,,,,,,,,,,,,,,,,,
S. Azmoun,Attacker,568.0,80.0,36.0,3.0,11.0,0,0.0,11.0,4.0,0,8.0,153.0,69.2,0.0,36.36363636363637,sardar azmoun,roma,12.67605633802817,5.704225352112676,0.4753521126760563,1.742957746478873,0.0,0.0,1.742957746478873,0.6338028169014085,0.0,1.267605633802817,24.242957746478872,True,False,False,False,False,False,False,False,False,False,False,False,False,False,False,False,False,False,Serie A,,,,,,,,,,,,,,,,,,,,,,,,,,,,,,,,,
Dany Mota,Attacker,2057.0,233.0,97.0,4.0,29.0,0,3.0,44.0,16.0,0,35.0,739.0,74.8,0.0,36.36363636363637,dany mota,monza,10.194457948468644,4.244044725328148,0.1750121536217792,1.2688381137579,0.0,0.1312591152163344,1.925133689839572,0.7000486144871171,0.0,1.5313563441905689,32.33349538162372,False,False,False,False,False,False,False,False,False,False,False,True,False,False,False,False,False,False,Serie A,,,,,,,,,,,,,,,,,,,,,,,,,,,,,,,,,
A. Petagna,Attacker,999.0,135.0,63.0,1.0,13.0,0,1.0,15.0,11.0,0,18.0,235.0,71.1,0.0,73.33333333333333,andrea petagna,cagliari,12.162162162162163,5.675675675675675,0.09009009009009,1.1711711711711712,0.0,0.09009009009009,1.351351351351351,0.990990990990991,0.0,1.6216216216216215,21.17117117117117,False,False,False,True,False,False,False,False,False,False,False,False,False,False,False,False,False,False,Serie A,,,,,,,,,,,,,,,,,,,,,,,,,,,,,,,,,
G. Oristanio,Attacker,1101.0,234.0,97.0,2.0,18.0,0,1.0,55.0,32.0,0,15.0,208.0,67.8,0.0,58.18181818181818,gaetano oristanio,cagliari,19.12806539509537,7.929155313351498,0.1634877384196185,1.4713896457765667,0.0,0.0817438692098092,4.4959128065395095,2.6158038147138964,0.0,1.2261580381471389,17.002724795640326,False,False,False,True,False,False,False,False,False,False,False,False,False,False,False,False,False,False,Serie A,,,,,,,,,,,,,,,,,,,,,,,,,,,,,,,,,
A. Pinamonti,Attacker,3100.0,395.0,153.0,11.0,54.0,0,1.0,27.0,11.0,0,17.0,602.0,65.2,0.0,40.74074074074074,andrea pinamonti,sassuolo,11.46774193548387,4.441935483870968,0.3193548387096774,1.5677419354838709,0.0,0.0290322580645161,0.7838709677419354,0.3193548387096774,0.0,0.4935483870967742,17.47741935483871,False,False,False,False,False,False,False,False,False,False,False,False,False,False,True,False,False,False,Serie A,,,,,,,,,,,,,,,,,,,,,,,,,,,,,,,,,
L. Tchaouna,Attacker,2097.0,241.0,93.0,4.0,35.0,0,3.0,47.0,16.0,0,22.0,680.0,65.9,0.0,34.04255319148936,loum tchaouna,salernitana,10.343347639484978,3.991416309012876,0.1716738197424892,1.5021459227467813,0.0,0.1287553648068669,2.017167381974249,0.6866952789699571,0.0,0.9442060085836912,29.184549356223176,False,False,False,False,False,False,False,False,False,False,False,False,False,True,False,False,False,False,Serie A,,,,,,,,,,,,,,,,,,,,,,,,,,,,,,,,,
K. Kvaratskhelia,Attacker,2752.0,450.0,233.0,11.0,78.0,0,5.0,195.0,101.0,0,58.0,1027.0,80.4,0.0,51.7948717948718,khvicha kvaratskhelia,napoli,14.71656976744186,7.619912790697674,0.3597383720930233,2.550872093023256,0.0,0.1635174418604651,6.37718023255814,3.303052325581396,0.0,1.8968023255813955,33.58648255813954,False,False,False,False,False,False,False,False,False,False,False,False,True,False,False,False,False,False,Serie A,,,,,,,,,,,,,,,,,,,,,,,,,,,,,,,,,
O. Giroud,Attacker,2374.0,220.0,103.0,15.0,68.0,0,8.0,9.0,3.0,0,32.0,484.0,68.7,0.0,33.33333333333333,olivier giroud,milan,8.340353833192923,3.90480202190396,0.5686604886267903,2.577927548441449,0.0,0.3032855939342881,0.3411962931760741,0.113732097725358,0.0,1.2131423757371524,18.34877843302443,False,False,False,False,False,False,False,False,False,False,False,False,False,False,False,False,False,False,Serie A,,,,,,,,,,,,,,,,,,,,,,,,,,,,,,,,,
A. Belotti,Attacker,952.0,150.0,70.0,3.0,18.0,0,0.0,4.0,1.0,0,5.0,197.0,66.2,0.0,25.0,andrea belotti,fiorentina,14.180672268907562,6.61764705882353,0.2836134453781512,1.7016806722689075,0.0,0.0,0.3781512605042016,0.0945378151260504,0.0,0.4726890756302521,18.623949579831933,False,False,False,False,False,True,False,False,False,False,False,False,False,False,False,False,False,False,Serie A,,,,,,,,,,,,,,,,,,,,,,,,,,,,,,,,,
A. Cerri,Attacker,554.0,117.0,54.0,1.0,6.0,0,0.0,6.0,1.0,0,4.0,134.0,50.0,0.0,16.666666666666664,alberto cerri,empoli,19.0072202166065,8.772563176895307,0.1624548736462094,0.9747292418772564,0.0,0.0,0.9747292418772564,0.1624548736462094,0.0,0.6498194945848376,21.76895306859205,False,False,False,False,True,False,False,False,False,False,False,False,False,False,False,False,False,False,Serie A,,,,,,,,,,,,,,,,,,,,,,,,,,,,,,,,,
P. Pellegri,Attacker,745.0,135.0,55.0,1.0,10.0,0,1.0,12.0,5.0,0,4.0,131.0,62.3,0.0,41.66666666666667,pietro pellegri,torino,16.308724832214764,6.644295302013424,0.1208053691275167,1.2080536912751678,0.0,0.1208053691275167,1.4496644295302017,0.6040268456375839,0.0,0.4832214765100671,15.8255033557047,False,False,False,False,False,False,False,False,False,False,False,False,False,False,False,True,False,False,Serie A,,,,,,,,,,,,,,,,,,,,,,,,,,,,,,,,,
A. Sanabria,Attacker,2134.0,268.0,127.0,5.0,45.0,0,0.0,31.0,14.0,0,15.0,616.0,79.2,0.0,45.16129032258064,antonio sanabria,torino,11.302717900656043,5.35613870665417,0.2108716026241799,1.8978444236176195,0.0,0.0,1.3074039362699157,0.5904404873477038,0.0,0.6326148078725399,25.97938144329897,False,False,False,False,False,False,False,False,False,False,False,False,False,False,False,True,False,False,Serie A,,,,,,,,,,,,,,,,,,,,,,,,,,,,,,,,,
P. Almqvist,Attacker,2114.0,291.0,131.0,2.0,24.0,0,1.0,80.0,37.0,0,27.0,454.0,73.4,0.0,46.25,pontus almqvist,lecce,12.38883632923368,5.577105014191107,0.0851466414380321,1.021759697256386,0.0,0.042573320719016,3.4058656575212867,1.575212866603595,0.0,1.1494796594134342,19.328287606433303,False,False,False,False,False,False,False,False,False,False,True,False,False,False,False,False,False,False,Serie A,,,,,,,,,,,,,,,,,,,,,,,,,,,,,,,,,
Zito Luvumbo,Attacker,1944.0,263.0,110.0,4.0,32.0,0,5.0,70.0,30.0,0,26.0,291.0,63.4,0.0,42.85714285714285,zito luvumbo,cagliari,12.175925925925927,5.092592592592593,0.1851851851851852,1.4814814814814816,0.0,0.2314814814814814,3.240740740740741,1.3888888888888888,0.0,1.2037037037037035,13.47222222222222,False,False,False,True,False,False,False,False,False,False,False,False,False,False,False,False,False,False,Serie A,,,,,,,,,,,,,,,,,,,,,,,,,,,,,,,,,
Pedro,Attacker,795.0,112.0,51.0,1.0,9.0,0,1.0,28.0,14.0,0,17.0,410.0,82.8,0.0,50.0,pedro,lazio,12.679245283018869,5.773584905660377,0.1132075471698113,1.018867924528302,0.0,0.1132075471698113,3.1698113207547167,1.5849056603773584,0.0,1.924528301886792,46.41509433962264,False,False,False,False,False,False,False,False,False,True,False,False,False,False,False,False,False,False,Serie A,,,,,,,,,,,,,,,,,,,,,,,,,,,,,,,,,
T. Noslin,Attacker,1347.0,219.0,85.0,5.0,30.0,0,4.0,24.0,8.0,0,27.0,322.0,69.5,0.0,33.33333333333333,tijjani noslin,verona,14.632516703786193,5.679287305122494,0.3340757238307349,2.0044543429844097,0.0,0.2672605790645879,1.6035634743875278,0.5345211581291759,0.0,1.804008908685969,21.514476614699333,False,False,False,False,False,False,False,False,False,False,False,False,False,False,False,False,False,True,Serie A,,,,,,,,,,,,,,,,,,,,,,,,,,,,,,,,,
M. Retegui,Attacker,2226.0,278.0,115.0,7.0,51.0,0,2.0,32.0,14.0,0,11.0,386.0,64.3,0.0,43.75,mateo retegui,genoa,11.23989218328841,4.649595687331536,0.2830188679245283,2.061994609164421,0.0,0.0808625336927223,1.293800539083558,0.5660377358490566,0.0,0.4447439353099731,15.606469002695418,False,False,False,False,False,False,True,False,False,False,False,False,False,False,False,False,False,False,Serie A,,,,,,,,,,,,,,,,,,,,,,,,,,,,,,,,,
A. Lookman,Attacker,1900.0,245.0,109.0,11.0,49.0,0,7.0,75.0,39.0,0,50.0,749.0,75.8,0.0,52.0,ademola lookman,atalanta,11.605263157894738,5.163157894736842,0.5210526315789474,2.321052631578948,0.0,0.331578947368421,3.552631578947368,1.8473684210526315,0.0,2.3684210526315788,35.47894736842105,False,True,False,False,False,False,False,False,False,False,False,False,False,False,False,False,False,False,Serie A,,,,,,,,,,,,,,,,,,,,,,,,,,,,,,,,,
G. Scamacca,Attacker,1457.0,206.0,79.0,12.0,52.0,0,6.0,26.0,15.0,0,33.0,423.0,67.5,0.0,57.692307692307686,gianluca scamacca,atalanta,12.72477693891558,4.879890185312285,0.7412491420727523,3.212079615648593,0.0,0.3706245710363761,1.6060398078242966,0.9265614275909404,0.0,2.0384351407000687,26.12903225806452,False,True,False,False,False,False,False,False,False,False,False,False,False,False,False,False,False,False,Serie A,,,,,,,,,,,,,,,,,,,,,,,,,,,,,,,,,
S. Chukwueze,Attacker,1015.0,140.0,60.0,1.0,18.0,0,3.0,55.0,21.0,0,20.0,393.0,78.4,0.0,38.18181818181819,samuel chukwueze,milan,12.413793103448276,5.320197044334975,0.0886699507389162,1.5960591133004929,0.0,0.2660098522167488,4.876847290640394,1.862068965517241,0.0,1.7733990147783252,34.84729064039409,False,False,False,False,False,False,False,False,False,False,False,False,False,False,False,False,False,False,Serie A,,,,,,,,,,,,,,,,,,,,,,,,,,,,,,,,,
Rafael Leão,Attacker,2521.0,316.0,169.0,9.0,47.0,0,9.0,138.0,77.0,0,59.0,893.0,73.6,0.0,55.79710144927537,rafael leao,milan,11.281237604125348,6.033320111067037,0.3213010710035699,1.6779055930186433,0.0,0.3213010710035699,4.926616422054741,2.748909163030544,0.0,2.106307021023404,31.880206267354225,False,False,False,False,False,False,False,False,False,False,False,False,False,False,False,False,False,False,Serie A,,,,,,,,,,,,,,,,,,,,,,,,,,,,,,,,,
A. Saelemaekers,Attacker,1891.0,257.0,139.0,4.0,23.0,0,2.0,98.0,40.0,0,43.0,900.0,78.0,0.0,40.81632653061224,alexis saelemaekers,bologna,12.231623479640405,6.615547329455314,0.1903754627181385,1.0946589106292968,0.0,0.0951877313590692,4.6641988365943945,1.9037546271813848,0.0,2.0465362242199894,42.83447911158117,False,False,True,False,False,False,False,False,False,False,False,False,False,False,False,False,False,False,Serie A,,,,,,,,,,,,,,,,,,,,,,,,,,,,,,,,,
N. Okafor,Attacker,870.0,97.0,36.0,6.0,21.0,0,2.0,31.0,14.0,0,8.0,166.0,62.2,0.0,45.16129032258064,noah okafor,milan,10.03448275862069,3.724137931034482,0.6206896551724138,2.1724137931034484,0.0,0.2068965517241379,3.206896551724138,1.4482758620689655,0.0,0.8275862068965517,17.17241379310345,False,False,False,False,False,False,False,False,False,False,False,False,False,False,False,False,False,False,Serie A,,,,,,,,,,,,,,,,,,,,,,,,,,,,,,,,,
A. Guðmundsson,Attacker,3024.0,279.0,113.0,14.0,42.0,0,4.0,82.0,41.0,0,83.0,1016.0,74.8,0.0,50.0,albert gudmundsson,genoa,8.303571428571429,3.363095238095238,0.4166666666666666,1.25,0.0,0.119047619047619,2.4404761904761902,1.2202380952380951,0.0,2.470238095238095,30.23809523809524,False,False,False,False,False,False,True,False,False,False,False,False,False,False,False,False,False,False,Serie A,,,,,,,,,,,,,,,,,,,,,,,,,,,,,,,,,
J. Ikoné,Attacker,1685.0,160.0,73.0,3.0,32.0,0,1.0,41.0,21.0,0,15.0,457.0,81.5,0.0,51.21951219512195,jonathan ikone,fiorentina,8.5459940652819,3.8991097922848654,0.1602373887240356,1.7091988130563798,0.0,0.0534124629080118,2.1899109792284865,1.1216617210682491,0.0,0.8011869436201781,24.409495548961427,False,False,False,False,False,True,False,False,False,False,False,False,False,False,False,False,False,False,Serie A,,,,,,,,,,,,,,,,,,,,,,,,,,,,,,,,,
M'Bala Nzola,Attacker,1544.0,240.0,85.0,3.0,23.0,0,3.0,29.0,14.0,0,21.0,336.0,82.0,0.0,48.27586206896552,m'bala nzola,fiorentina,13.989637305699482,4.954663212435233,0.1748704663212435,1.3406735751295336,0.0,0.1748704663212435,1.6904145077720207,0.816062176165803,0.0,1.2240932642487046,19.58549222797928,False,False,False,False,False,True,False,False,False,False,False,False,False,False,False,False,False,False,Serie A,,,,,,,,,,,,,,,,,,,,,,,,,,,,,,,,,
R. Sottil,Attacker,1107.0,129.0,72.0,2.0,24.0,0,3.0,40.0,21.0,0,13.0,374.0,78.6,0.0,52.5,riccardo sottil,fiorentina,10.48780487804878,5.853658536585367,0.1626016260162601,1.951219512195122,0.0,0.2439024390243902,3.252032520325203,1.7073170731707317,0.0,1.056910569105691,30.406504065040654,False,False,False,False,False,True,False,False,False,False,False,False,False,False,False,False,False,False,Serie A,,,,,,,,,,,,,,,,,,,,,,,,,,,,,,,,,
A. Milik,Attacker,900.0,135.0,64.0,4.0,27.0,0,1.0,10.0,5.0,0,15.0,264.0,79.6,0.0,50.0,arkadiusz milik,juventus,13.5,6.4,0.4,2.7,0.0,0.1,1.0,0.5,0.0,1.5,26.4,False,False,False,False,False,False,False,False,True,False,False,False,False,False,False,False,False,False,Serie A,,,,,,,,,,,,,,,,,,,,,,,,,,,,,,,,,
Lautaro Martínez,Attacker,2668.0,294.0,135.0,24.0,77.0,0,3.0,57.0,19.0,0,33.0,736.0,77.2,0.0,33.33333333333333,lautaro martinez,inter,9.917541229385307,4.553973013493253,0.8095952023988006,2.597451274362818,0.0,0.10119940029985,1.922788605697152,0.6409295352323838,0.0,1.1131934032983508,24.82758620689655,False,False,False,False,False,False,False,True,False,False,False,False,False,False,False,False,False,False,Serie A,,,,,,,,,,,,,,,,,,,,,,,,,,,,,,,,,
M. Thuram,Attacker,2707.0,302.0,171.0,13.0,60.0,0,7.0,44.0,33.0,0,29.0,633.0,72.6,0.0,75.0,marcus thuram,inter,10.04063538973033,5.685260435906907,0.4322127816771333,1.994828223125231,0.0,0.2327299593646102,1.462874030291836,1.097155522718877,0.0,0.9641669745105282,21.045437753971186,False,False,False,False,False,False,False,True,False,False,False,False,False,False,False,False,False,False,Serie A,,,,,,,,,,,,,,,,,,,,,,,,,,,,,,,,,
P. Dybala,Attacker,1976.0,238.0,107.0,13.0,45.0,0,9.0,71.0,28.0,0,51.0,897.0,79.0,0.0,39.436619718309856,paulo dybala,roma,10.84008097165992,4.873481781376518,0.5921052631578947,2.049595141700405,0.0,0.4099190283400809,3.233805668016194,1.2753036437246963,0.0,2.322874493927125,40.85526315789474,True,False,False,False,False,False,False,False,False,False,False,False,False,False,False,False,False,False,Serie A,,,,,,,,,,,,,,,,,,,,,,,,,,,,,,,,,
D. Berardi,Attacker,1437.0,168.0,65.0,9.0,38.0,0,3.0,25.0,11.0,0,27.0,559.0,63.8,0.0,44.0,domenico berardi,sassuolo,10.521920668058454,4.07098121085595,0.5636743215031316,2.3799582463465554,0.0,0.1878914405010438,1.5657620041753657,0.6889352818371608,0.0,1.6910229645093944,35.01043841336117,False,False,False,False,False,False,False,False,False,False,False,False,False,False,True,False,False,False,Serie A,,,,,,,,,,,,,,,,,,,,,,,,,,,,,,,,,
F. Thauvin,Attacker,1715.0,207.0,78.0,5.0,29.0,0,3.0,80.0,35.0,0,38.0,454.0,70.3,0.0,43.75,florian thauvin,udinese,10.862973760932944,4.093294460641399,0.2623906705539358,1.521865889212828,0.0,0.1574344023323615,4.198250728862973,1.8367346938775508,0.0,1.9941690962099128,23.825072886297374,False,False,False,False,False,False,False,False,False,False,False,False,False,False,False,False,True,False,Serie A,,,,,,,,,,,,,,,,,,,,,,,,,,,,,,,,,
L. Lucca,Attacker,2602.0,403.0,180.0,8.0,52.0,0,4.0,32.0,12.0,0,20.0,440.0,59.7,0.0,37.5,lorenzo lucca,udinese,13.939277478862412,6.22598001537279,0.2767102229054573,1.7986164488854728,0.0,0.1383551114527286,1.1068408916218293,0.415065334358186,0.0,0.6917755572636433,15.219062259800152,False,False,False,False,False,False,False,False,False,False,False,False,False,False,False,False,True,False,Serie A,,,,,,,,,,,,,,,,,,,,,,,,,,,,,,,,,
M. Politano,Attacker,2385.0,198.0,90.0,8.0,47.0,0,5.0,69.0,31.0,0,67.0,1068.0,76.9,0.0,44.927536231884055,matteo politano,napoli,7.471698113207546,3.39622641509434,0.3018867924528302,1.7735849056603774,0.0,0.1886792452830188,2.60377358490566,1.169811320754717,0.0,2.5283018867924527,40.301886792452834,False,False,False,False,False,False,False,False,False,False,False,False,True,False,False,False,False,False,Serie A,,,,,,,,,,,,,,,,,,,,,,,,,,,,,,,,,
R. Lukaku,Attacker,2648.0,211.0,86.0,13.0,48.0,0,3.0,24.0,11.0,0,29.0,602.0,70.5,0.0,45.83333333333333,romelu lukaku,roma,7.171450151057402,2.9229607250755287,0.4418429003021148,1.6314199395770397,0.0,0.1019637462235649,0.8157099697885197,0.3738670694864048,0.0,0.9856495468277946,20.4607250755287,True,False,False,False,False,False,False,False,False,False,False,False,False,False,False,False,False,False,Serie A,,,,,,,,,,,,,,,,,,,,,,,,,,,,,,,,,
V. Osimhen,Attacker,1989.0,214.0,93.0,15.0,64.0,0,2.0,33.0,16.0,0,22.0,264.0,66.9,0.0,48.48484848484848,victor osimhen,napoli,9.683257918552036,4.208144796380091,0.6787330316742082,2.8959276018099542,0.0,0.090497737556561,1.493212669683258,0.7239819004524886,0.0,0.995475113122172,11.945701357466064,False,False,False,False,False,False,False,False,False,False,False,False,True,False,False,False,False,False,Serie A,,,,,,,,,,,,,,,,,,,,,,,,,,,,,,,,,
G. Simeone,Attacker,789.0,108.0,50.0,1.0,30.0,0,0.0,10.0,5.0,0,9.0,171.0,70.6,0.0,50.0,giovanni simeone,napoli,12.319391634980988,5.70342205323194,0.1140684410646387,3.4220532319391634,0.0,0.0,1.1406844106463878,0.5703422053231939,0.0,1.0266159695817492,19.50570342205323,False,False,False,False,False,False,False,False,False,False,False,False,True,False,False,False,False,False,Serie A,,,,,,,,,,,,,,,,,,,,,,,,,,,,,,,,,
G. Raspadori,Attacker,1572.0,135.0,60.0,5.0,40.0,0,3.0,28.0,14.0,0,33.0,617.0,74.0,0.0,50.0,giacomo raspadori,napoli,7.729007633587787,3.435114503816794,0.2862595419847328,2.2900763358778624,0.0,0.1717557251908396,1.6030534351145038,0.8015267175572519,0.0,1.8893129770992367,35.32442748091603,False,False,False,False,False,False,False,False,False,False,False,False,True,False,False,False,False,False,Serie A,,,,,,,,,,,,,,,,,,,,,,,,,,,,,,,,,
C. Ekuban,Attacker,1120.0,158.0,78.0,4.0,24.0,0,1.0,21.0,10.0,0,16.0,207.0,65.4,0.0,47.61904761904761,caleb ekuban,genoa,12.696428571428571,6.267857142857143,0.3214285714285714,1.9285714285714288,0.0,0.0803571428571428,1.6875,0.8035714285714285,0.0,1.2857142857142856,16.633928571428573,False,False,False,False,False,False,True,False,False,False,False,False,False,False,False,False,False,False,Serie A,,,,,,,,,,,,,,,,,,,,,,,,,,,,,,,,,
C. Immobile,Attacker,1659.0,157.0,64.0,7.0,40.0,0,1.0,27.0,8.0,0,17.0,448.0,73.3,0.0,29.629629629629623,ciro immobile,lazio,8.517179023508138,3.471971066907776,0.3797468354430379,2.16998191681736,0.0,0.0542495479204339,1.464737793851718,0.4339963833634719,0.0,0.922242314647378,24.30379746835443,False,False,False,False,False,False,False,False,False,True,False,False,False,False,False,False,False,False,Serie A,,,,,,,,,,,,,,,,,,,,,,,,,,,,,,,,,
R. Orsolini,Attacker,1791.0,228.0,112.0,10.0,53.0,0,2.0,71.0,31.0,0,36.0,623.0,67.0,0.0,43.66197183098591,riccardo orsolini,bologna,11.457286432160805,5.628140703517588,0.5025125628140703,2.663316582914573,0.0,0.100502512562814,3.5678391959799,1.557788944723618,0.0,1.809045226130653,31.30653266331658,False,False,True,False,False,False,False,False,False,False,False,False,False,False,False,False,False,False,Serie A,,,,,,,,,,,,,,,,,,,,,,,,,,,,,,,,,
D. Ndoye,Attacker,1776.0,264.0,128.0,1.0,27.0,0,1.0,77.0,34.0,0,22.0,546.0,77.6,0.0,44.15584415584416,dan ndoye,bologna,13.37837837837838,6.486486486486487,0.0506756756756756,1.3682432432432434,0.0,0.0506756756756756,3.902027027027027,1.7229729729729728,0.0,1.114864864864865,27.66891891891892,False,False,True,False,False,False,False,False,False,False,False,False,False,False,False,False,False,False,Serie A,,,,,,,,,,,,,,,,,,,,,,,,,,,,,,,,,
J. Zirkzee,Attacker,2772.0,353.0,140.0,11.0,57.0,0,4.0,124.0,52.0,0,43.0,900.0,77.4,0.0,41.935483870967744,joshua zirkzee,bologna,11.46103896103896,4.545454545454545,0.3571428571428571,1.8506493506493509,0.0,0.1298701298701298,4.025974025974026,1.6883116883116884,0.0,1.396103896103896,29.22077922077922,False,False,True,False,False,False,False,False,False,False,False,False,False,False,False,False,False,False,Serie A,,,,,,,,,,,,,,,,,,,,,,,,,,,,,,,,,
C. Ikwuemesi,Attacker,1056.0,198.0,67.0,1.0,15.0,0,1.0,30.0,15.0,0,8.0,164.0,65.9,0.0,50.0,chukwubuikem ikwuemesi,salernitana,16.875,5.7102272727272725,0.0852272727272727,1.2784090909090908,0.0,0.0852272727272727,2.5568181818181817,1.2784090909090908,0.0,0.6818181818181819,13.977272727272728,False,False,False,False,False,False,False,False,False,False,False,False,False,True,False,False,False,False,Serie A,,,,,,,,,,,,,,,,,,,,,,,,,,,,,,,,,
S. Nwankwo,Attacker,681.0,121.0,48.0,3.0,11.0,0,0.0,2.0,1.0,0,5.0,131.0,62.4,0.0,50.0,simeon nwankwo,salernitana,15.991189427312774,6.343612334801763,0.3964757709251101,1.4537444933920705,0.0,0.0,0.2643171806167401,0.13215859030837,0.0,0.6607929515418502,17.312775330396477,False,False,False,False,False,False,False,False,False,False,False,False,False,True,False,False,False,False,Serie A,,,,,,,,,,,,,,,,,,,,,,,,,,,,,,,,,
G. Lapadula,Attacker,1205.0,116.0,44.0,3.0,27.0,0,1.0,7.0,4.0,0,19.0,163.0,70.2,0.0,57.14285714285714,gianluca lapadula,cagliari,8.66390041493776,3.286307053941909,0.2240663900414937,2.016597510373444,0.0,0.0746887966804979,0.5228215767634855,0.2987551867219917,0.0,1.4190871369294604,12.17427385892116,False,False,False,True,False,False,False,False,False,False,False,False,False,False,False,False,False,False,Serie A,,,,,,,,,,,,,,,,,,,,,,,,,,,,,,,,,
F. Chiesa,Attacker,2206.0,214.0,95.0,9.0,51.0,0,2.0,83.0,35.0,0,54.0,568.0,69.9,0.0,42.16867469879519,federico chiesa,juventus,8.73073436083409,3.875793291024479,0.3671804170444243,2.0806890299184047,0.0,0.0815956482320942,3.386219401631913,1.4279238440616502,0.0,2.203082502266546,23.17316409791478,False,False,False,False,False,False,False,False,True,False,False,False,False,False,False,False,False,False,Serie A,,,,,,,,,,,,,,,,,,,,,,,,,,,,,,,,,
G. Isaksen,Attacker,1070.0,121.0,48.0,3.0,19.0,0,1.0,38.0,15.0,0,19.0,289.0,66.5,0.0,39.47368421052632,gustav isaksen,lazio,10.177570093457945,4.037383177570093,0.2523364485981308,1.5981308411214954,0.0,0.0841121495327102,3.196261682242991,1.2616822429906542,0.0,1.5981308411214954,24.308411214953274,False,False,False,False,False,False,False,False,False,True,False,False,False,False,False,False,False,False,Serie A,,,,,,,,,,,,,,,,,,,,,,,,,,,,,,,,,
K. Gameiro,Attacker,1345.0,77.0,27.0,4.0,22.0,0,2.0,12.0,7.0,0,24.0,451.0,80.9,0.0,58.333333333333336,kevin gameiro,strasbourg,5.152416356877324,1.8066914498141264,0.2676579925650557,1.4721189591078068,0.0,0.1338289962825278,0.8029739776951673,0.4684014869888475,0.0,1.6059479553903346,30.17843866171004,,,,,,,,,,,,,,,,,,,Ligue 1,False,False,False,False,False,False,False,False,False,False,False,False,False,False,False,True,False,,,,,,,,,,,,,,,,
S. Benrahma,Attacker,778.0,96.0,38.0,3.0,18.0,0,3.0,34.0,18.0,0,23.0,278.0,68.2,0.0,52.94117647058824,said benrahma,lyon,11.105398457583547,4.395886889460154,0.3470437017994858,2.082262210796915,0.0,0.3470437017994858,3.9331619537275055,2.082262210796915,0.0,2.660668380462725,32.15938303341902,,,,,,,,,,,,,,,,,,,Ligue 1,False,False,False,False,True,False,False,False,False,False,False,False,False,False,False,False,False,,,,,,,,,,,,,,,,
W. Ben Yedder,Attacker,2323.0,169.0,56.0,16.0,52.0,0,2.0,44.0,17.0,0,38.0,738.0,73.8,0.0,38.63636363636363,wissam ben yedder,monaco,6.547567800258287,2.169608265174344,0.6198880757640981,2.014636246233319,0.0,0.0774860094705122,1.70469220835127,0.6586310804993543,0.0,1.4722341799397332,28.592337494619027,,,,,,,,,,,,,,,,,,,Ligue 1,False,False,False,False,False,False,False,True,False,False,False,False,False,False,False,False,False,,,,,,,,,,,,,,,,
W. Khazri,Attacker,1132.0,159.0,70.0,1.0,34.0,0,0.0,37.0,14.0,0,11.0,299.0,71.4,0.0,37.83783783783784,wahbi khazri,montpellier,12.641342756183745,5.565371024734983,0.0795053003533568,2.703180212014134,0.0,0.0,2.9416961130742054,1.1130742049469964,0.0,0.8745583038869258,23.77208480565371,,,,,,,,,,,,,,,,,,,Ligue 1,False,False,False,False,False,False,False,False,True,False,False,False,False,False,False,False,False,,,,,,,,,,,,,,,,
J. Ito,Attacker,2722.0,298.0,137.0,3.0,31.0,0,7.0,100.0,54.0,0,80.0,899.0,65.5,0.0,54.0,junya ito,reims,9.85304922850845,4.529757531227039,0.0991917707567964,1.0249816311535636,0.0,0.2314474650991917,3.3063923585598824,1.7854518736223366,0.0,2.645113886847906,29.72446730345334,,,,,,,,,,,,,,,,,,,Ligue 1,False,False,False,False,False,False,False,False,False,False,False,False,True,False,False,False,False,,,,,,,,,,,,,,,,
Keito Nakamura,Attacker,1389.0,153.0,63.0,4.0,30.0,0,1.0,32.0,19.0,0,14.0,371.0,73.0,0.0,59.375,keito nakamura,reims,9.913606911447085,4.08207343412527,0.2591792656587472,1.9438444924406049,0.0,0.0647948164146868,2.073434125269978,1.2311015118790496,0.0,0.9071274298056154,24.03887688984881,,,,,,,,,,,,,,,,,,,Ligue 1,False,False,False,False,False,False,False,False,False,False,False,False,True,False,False,False,False,,,,,,,,,,,,,,,,
O. Diakité,Attacker,1589.0,273.0,100.0,5.0,30.0,0,1.0,59.0,25.0,0,15.0,302.0,78.4,0.0,42.3728813559322,oumar diakite,reims,15.462555066079297,5.66393958464443,0.2831969792322215,1.6991818753933292,0.0,0.0566393958464443,3.3417243549402142,1.4159848961611077,0.0,0.8495909376966646,17.10509754562618,,,,,,,,,,,,,,,,,,,Ligue 1,False,False,False,False,False,False,False,False,False,False,False,False,True,False,False,False,False,,,,,,,,,,,,,,,,
A. Lacazette,Attacker,2306.0,260.0,104.0,19.0,57.0,0,2.0,39.0,22.0,0,21.0,543.0,70.8,0.0,56.41025641025641,alexandre lacazette,lyon,10.147441457068515,4.058976582827406,0.7415437987857763,2.2246313963573288,0.0,0.0780572419774501,1.5221162185602777,0.8586296617519515,0.0,0.8196010407632263,21.19254119687771,,,,,,,,,,,,,,,,,,,Ligue 1,False,False,False,False,True,False,False,False,False,False,False,False,False,False,False,False,False,,,,,,,,,,,,,,,,
M. Simon,Attacker,1794.0,216.0,98.0,3.0,27.0,0,5.0,85.0,47.0,0,29.0,381.0,62.6,0.0,55.294117647058826,moses simon,nantes,10.836120401337793,4.916387959866221,0.1505016722408027,1.354515050167224,0.0,0.2508361204013378,4.264214046822742,2.3578595317725752,0.0,1.4548494983277591,19.11371237458194,,,,,,,,,,,,,,,,,,,Ligue 1,False,False,False,False,False,False,False,False,False,True,False,False,False,False,False,False,False,,,,,,,,,,,,,,,,
G. Kyei,Attacker,1017.0,153.0,55.0,2.0,23.0,0,1.0,31.0,10.0,0,12.0,260.0,74.7,0.0,32.25806451612903,grejohn kyei,clermont foot,13.53982300884956,4.867256637168142,0.1769911504424778,2.035398230088496,0.0,0.0884955752212389,2.743362831858408,0.8849557522123893,0.0,1.0619469026548671,23.00884955752212,,,,,,,,,,,,,,,,,,,Ligue 1,False,False,False,False,False,False,False,False,False,False,False,False,False,False,False,False,False,,,,,,,,,,,,,,,,
Mousa Tamari,Attacker,1943.0,260.0,125.0,5.0,35.0,0,2.0,105.0,44.0,0,20.0,508.0,72.7,0.0,41.90476190476191,musa al-taamari,montpellier,12.043232115285642,5.790015440041174,0.2316006176016469,1.6212043232115287,0.0,0.0926402470406587,4.863612969634586,2.038085434894493,0.0,0.9264024704065876,23.53062274832733,,,,,,,,,,,,,,,,,,,Ligue 1,False,False,False,False,False,False,False,False,True,False,False,False,False,False,False,False,False,,,,,,,,,,,,,,,,
A. Kalimuendo,Attacker,2152.0,228.0,78.0,10.0,41.0,0,1.0,42.0,17.0,0,28.0,486.0,80.7,0.0,40.47619047619048,arnaud kalimuendo,rennes,9.535315985130111,3.262081784386617,0.4182156133828996,1.7146840148698883,0.0,0.0418215613382899,1.7565055762081785,0.7109665427509293,0.0,1.171003717472119,20.32527881040892,,,,,,,,,,,,,,,,,,,Ligue 1,False,False,False,False,False,False,False,False,False,False,False,False,False,True,False,False,False,,,,,,,,,,,,,,,,
M. Guilavogui,Attacker,554.0,100.0,48.0,2.0,20.0,0,0.0,10.0,5.0,0,14.0,214.0,74.8,0.0,50.0,morgan guilavogui,lens,16.24548736462094,7.79783393501805,0.3249097472924188,3.249097472924188,0.0,0.0,1.624548736462094,0.8122743682310469,0.0,2.274368231046932,34.765342960288805,,,,,,,,,,,,,,,,,,,Ligue 1,False,True,False,False,False,False,False,False,False,False,False,False,False,False,False,False,False,,,,,,,,,,,,,,,,
M. Satriano,Attacker,1870.0,265.0,133.0,4.0,48.0,0,4.0,45.0,21.0,0,21.0,439.0,71.3,0.0,46.66666666666666,martin satriano,brest,12.754010695187167,6.401069518716578,0.1925133689839572,2.3101604278074865,0.0,0.1925133689839572,2.1657754010695185,1.0106951871657754,0.0,1.0106951871657754,21.128342245989305,,,,,,,,,,,,,,,,,,,Ligue 1,False,False,False,False,False,False,False,False,False,False,False,False,False,False,True,False,False,,,,,,,,,,,,,,,,
F. Magri,Attacker,1433.0,236.0,93.0,5.0,30.0,0,2.0,33.0,13.0,0,14.0,311.0,69.4,0.0,39.39393939393939,frank magri,toulouse,14.82205163991626,5.840893230983951,0.314026517794836,1.884159106769016,0.0,0.1256106071179344,2.0725750174459177,0.8164689462665736,0.0,0.8792742498255408,19.5324494068388,,,,,,,,,,,,,,,,,,,Ligue 1,False,False,False,False,False,False,False,False,False,False,False,False,False,False,False,False,True,,,,,,,,,,,,,,,,
A. Gouiri,Attacker,2075.0,239.0,104.0,7.0,56.0,0,3.0,86.0,46.0,0,21.0,750.0,81.8,0.0,53.48837209302325,amine gouiri,rennes,10.366265060240965,4.510843373493976,0.3036144578313253,2.4289156626506023,0.0,0.1301204819277108,3.730120481927712,1.9951807228915663,0.0,0.9108433734939758,32.53012048192771,,,,,,,,,,,,,,,,,,,Ligue 1,False,False,False,False,False,False,False,False,False,False,False,False,False,True,False,False,False,,,,,,,,,,,,,,,,
R. Kolo Muani,Attacker,1264.0,196.0,79.0,6.0,17.0,0,5.0,68.0,28.0,0,26.0,349.0,72.1,0.0,41.17647058823529,randal kolo muani,paris sg,13.955696202531644,5.625,0.4272151898734177,1.2104430379746836,0.0,0.3560126582278481,4.841772151898734,1.993670886075949,0.0,1.85126582278481,24.8496835443038,,,,,,,,,,,,,,,,,,,Ligue 1,False,False,False,False,False,False,False,False,False,False,False,True,False,False,False,False,False,,,,,,,,,,,,,,,,
Gonçalo Ramos,Attacker,1419.0,166.0,85.0,11.0,36.0,0,1.0,19.0,8.0,0,16.0,392.0,76.6,0.0,42.10526315789473,goncalo ramos,paris sg,10.528541226215644,5.391120507399577,0.6976744186046512,2.2832980972515857,0.0,0.0634249471458773,1.2050739957716703,0.507399577167019,0.0,1.014799154334038,24.862579281183933,,,,,,,,,,,,,,,,,,,Ligue 1,False,False,False,False,False,False,False,False,False,False,False,True,False,False,False,False,False,,,,,,,,,,,,,,,,
T. Moffi,Attacker,1960.0,191.0,65.0,11.0,43.0,0,2.0,32.0,19.0,0,22.0,373.0,70.8,0.0,59.375,terem moffi,nice,8.770408163265307,2.984693877551021,0.5051020408163265,1.974489795918368,0.0,0.0918367346938775,1.469387755102041,0.8724489795918368,0.0,1.010204081632653,17.127551020408163,,,,,,,,,,,,,,,,,,,Ligue 1,False,False,False,False,False,False,False,False,False,False,True,False,False,False,False,False,False,,,,,,,,,,,,,,,,
E. Guessand,Attacker,1542.0,254.0,112.0,6.0,38.0,0,0.0,60.0,24.0,0,15.0,282.0,74.1,0.0,40.0,evann guessand,nice,14.82490272373541,6.536964980544748,0.3501945525291828,2.217898832684825,0.0,0.0,3.501945525291829,1.4007782101167314,0.0,0.8754863813229572,16.459143968871594,,,,,,,,,,,,,,,,,,,Ligue 1,False,False,False,False,False,False,False,False,False,False,True,False,False,False,False,False,False,,,,,,,,,,,,,,,,
Mostafa Mohamed,Attacker,2015.0,316.0,144.0,8.0,49.0,0,2.0,33.0,15.0,0,23.0,351.0,64.5,0.0,45.45454545454545,mostafa mohamed,nantes,14.114143920595534,6.431761786600497,0.3573200992555831,2.1885856079404467,0.0,0.0893300248138957,1.4739454094292803,0.6699751861042184,0.0,1.0272952853598016,15.67741935483871,,,,,,,,,,,,,,,,,,,Ligue 1,False,False,False,False,False,False,False,False,False,True,False,False,False,False,False,False,False,,,,,,,,,,,,,,,,
F. Balogun,Attacker,1696.0,206.0,65.0,7.0,44.0,0,5.0,39.0,11.0,0,26.0,351.0,72.1,0.0,28.205128205128204,folarin balogun,monaco,10.931603773584904,3.4492924528301887,0.3714622641509434,2.3349056603773586,0.0,0.2653301886792453,2.069575471698113,0.5837264150943396,0.0,1.3797169811320755,18.62617924528302,,,,,,,,,,,,,,,,,,,Ligue 1,False,False,False,False,False,False,False,True,False,False,False,False,False,False,False,False,False,,,,,,,,,,,,,,,,
C. Sabaly,Attacker,1382.0,226.0,104.0,3.0,17.0,0,1.0,68.0,32.0,0,9.0,361.0,78.4,0.0,47.05882352941176,cheikh tidiane sabaly,metz,14.7178002894356,6.772793053545587,0.195369030390738,1.1070911722141823,0.0,0.065123010130246,4.428364688856729,2.083936324167873,0.0,0.5861070911722142,23.50940665701881,,,,,,,,,,,,,,,,,,,Ligue 1,False,False,False,False,False,False,True,False,False,False,False,False,False,False,False,False,False,,,,,,,,,,,,,,,,
E. Kroupi,Attacker,1076.0,94.0,35.0,5.0,19.0,0,3.0,18.0,12.0,0,11.0,256.0,77.4,0.0,66.66666666666666,eli junior kroupi,lorient,7.862453531598513,2.9275092936802976,0.4182156133828996,1.5892193308550189,0.0,0.2509293680297397,1.5055762081784383,1.003717472118959,0.0,0.9200743494423792,21.41263940520446,,,,,,,,,,,,,,,,,,,Ligue 1,False,False,False,True,False,False,False,False,False,False,False,False,False,False,False,False,False,,,,,,,,,,,,,,,,
M. Bamba,Attacker,1149.0,160.0,62.0,8.0,30.0,0,3.0,28.0,11.0,0,14.0,252.0,72.3,0.0,39.285714285714285,mohamed bamba,lorient,12.532637075718014,4.856396866840731,0.6266318537859008,2.349869451697128,0.0,0.2349869451697128,2.193211488250653,0.8616187989556136,0.0,1.0966057441253263,19.738903394255875,,,,,,,,,,,,,,,,,,,Ligue 1,False,False,False,True,False,False,False,False,False,False,False,False,False,False,False,False,False,,,,,,,,,,,,,,,,
M. Bayo,Attacker,1394.0,189.0,80.0,5.0,34.0,0,1.0,38.0,17.0,0,13.0,303.0,64.8,0.0,44.73684210526316,mohamed lamine bayo,le havre,12.20229555236729,5.164992826398852,0.3228120516499282,2.1951219512195124,0.0,0.0645624103299856,2.453371592539455,1.0975609756097562,0.0,0.8393113342898134,19.562410329985653,,,,,,,,,,,,,,,,,,,Ligue 1,True,False,False,False,False,False,False,False,False,False,False,False,False,False,False,False,False,,,,,,,,,,,,,,,,
J. David,Attacker,2640.0,292.0,118.0,19.0,65.0,0,4.0,34.0,15.0,0,32.0,649.0,82.0,0.0,44.11764705882353,jonathan david,lille,9.954545454545457,4.022727272727273,0.6477272727272727,2.215909090909091,0.0,0.1363636363636363,1.1590909090909092,0.5113636363636364,0.0,1.0909090909090908,22.125,,,,,,,,,,,,,,,,,,,Ligue 1,False,False,True,False,False,False,False,False,False,False,False,False,False,False,False,False,False,,,,,,,,,,,,,,,,
A. Joujou,Attacker,766.0,163.0,59.0,0.0,12.0,0,2.0,50.0,19.0,0,9.0,240.0,70.8,0.0,38.0,antoine joujou,le havre,19.151436031331592,6.932114882506527,0.0,1.4099216710182767,0.0,0.2349869451697128,5.87467362924282,2.2323759791122715,0.0,1.0574412532637076,28.198433420365536,,,,,,,,,,,,,,,,,,,Ligue 1,True,False,False,False,False,False,False,False,False,False,False,False,False,False,False,False,False,,,,,,,,,,,,,,,,
A. Nordin,Attacker,1253.0,163.0,96.0,5.0,24.0,0,3.0,49.0,34.0,0,21.0,349.0,77.9,0.0,69.38775510204081,arnaud nordin,montpellier,11.707901037509975,6.895450917797287,0.3591380686352753,1.7238627294493216,0.0,0.2154828411811652,3.5195530726256985,2.442138866719872,0.0,1.5083798882681565,25.067837190742218,,,,,,,,,,,,,,,,,,,Ligue 1,False,False,False,False,False,False,False,False,True,False,False,False,False,False,False,False,False,,,,,,,,,,,,,,,,
T. Dallinga,Attacker,2517.0,282.0,153.0,14.0,64.0,0,2.0,34.0,20.0,0,18.0,603.0,67.0,0.0,58.82352941176471,thijs dallinga,toulouse,10.0834326579261,5.470798569725864,0.5005959475566151,2.2884386174016687,0.0,0.0715137067938021,1.2157330154946364,0.7151370679380215,0.0,0.6436233611442193,21.56138259833135,,,,,,,,,,,,,,,,,,,Ligue 1,False,False,False,False,False,False,False,False,False,False,False,False,False,False,False,False,True,,,,,,,,,,,,,,,,
Vítinha,Attacker,921.0,155.0,67.0,3.0,26.0,0,2.0,34.0,17.0,0,18.0,192.0,73.3,0.0,50.0,vitinha,marseille,15.14657980456026,6.547231270358306,0.2931596091205212,2.54071661237785,0.0,0.1954397394136807,3.322475570032573,1.6612377850162867,0.0,1.758957654723127,18.76221498371336,,,,,,,,,,,,,,,,,,,Ligue 1,False,False,False,False,False,True,False,False,False,False,False,False,False,False,False,False,False,,,,,,,,,,,,,,,,
Kylian Mbappé,Attacker,2159.0,224.0,103.0,27.0,91.0,0,7.0,123.0,61.0,0,40.0,931.0,83.0,0.0,49.59349593495935,kylian mbappe,paris sg,9.337656322371467,4.29365446966188,1.125521074571561,3.793422880963409,0.0,0.2918017600741084,5.1273737841593325,2.5428439092172304,0.0,1.667438628994905,38.80963408985642,,,,,,,,,,,,,,,,,,,Ligue 1,False,False,False,False,False,False,False,False,False,False,False,True,False,False,False,False,False,,,,,,,,,,,,,,,,
M. Terrier,Attacker,1533.0,184.0,91.0,7.0,26.0,0,3.0,34.0,16.0,0,16.0,491.0,79.5,0.0,47.05882352941176,martin terrier,rennes,10.80234833659491,5.342465753424658,0.410958904109589,1.5264187866927592,0.0,0.1761252446183953,1.9960861056751469,0.9393346379647748,0.0,0.9393346379647748,28.82583170254403,,,,,,,,,,,,,,,,,,,Ligue 1,False,False,False,False,False,False,False,False,False,False,False,False,False,True,False,False,False,,,,,,,,,,,,,,,,
A. Adams,Attacker,2264.0,265.0,102.0,8.0,57.0,0,1.0,41.0,14.0,0,18.0,374.0,64.9,0.0,34.14634146341464,akor adams,montpellier,10.534452296819788,4.054770318021202,0.3180212014134275,2.265901060070671,0.0,0.0397526501766784,1.6298586572438165,0.5565371024734982,0.0,0.715547703180212,14.86749116607774,,,,,,,,,,,,,,,,,,,Ligue 1,False,False,False,False,False,False,False,False,True,False,False,False,False,False,False,False,False,,,,,,,,,,,,,,,,
E. Wahi,Attacker,1700.0,149.0,50.0,9.0,50.0,0,3.0,37.0,17.0,0,16.0,283.0,72.5,0.0,45.94594594594595,elye wahi,lens,7.888235294117647,2.647058823529412,0.4764705882352941,2.647058823529412,0.0,0.1588235294117647,1.9588235294117649,0.9,0.0,0.8470588235294116,14.98235294117647,,,,,,,,,,,,,,,,,,,Ligue 1,False,True,False,False,False,False,False,False,False,False,False,False,False,False,False,False,False,,,,,,,,,,,,,,,,
I. Sarr,Attacker,1448.0,195.0,93.0,3.0,20.0,0,4.0,39.0,14.0,0,20.0,440.0,75.8,0.0,35.8974358974359,ismaila sarr,marseille,12.120165745856356,5.780386740331492,0.18646408839779,1.2430939226519335,0.0,0.2486187845303867,2.4240331491712706,0.8701657458563535,0.0,1.2430939226519335,27.34806629834254,,,,,,,,,,,,,,,,,,,Ligue 1,False,False,False,False,False,True,False,False,False,False,False,False,False,False,False,False,False,,,,,,,,,,,,,,,,
I. Ndiaye,Attacker,1624.0,219.0,98.0,3.0,24.0,0,3.0,74.0,44.0,0,22.0,542.0,82.7,0.0,59.45945945945946,iliman ndiaye,marseille,12.136699507389162,5.431034482758621,0.1662561576354679,1.3300492610837438,0.0,0.1662561576354679,4.100985221674877,2.438423645320197,0.0,1.2192118226600983,30.036945812807883,,,,,,,,,,,,,,,,,,,Ligue 1,False,False,False,False,False,True,False,False,False,False,False,False,False,False,False,False,False,,,,,,,,,,,,,,,,
Ivan Cavaleiro,Attacker,773.0,105.0,42.0,1.0,6.0,0,1.0,18.0,10.0,0,12.0,253.0,73.4,0.0,55.55555555555556,ivan cavaleiro,lille,12.22509702457956,4.890038809831824,0.1164294954721863,0.6985769728331177,0.0,0.1164294954721863,2.095730918499353,1.1642949547218628,0.0,1.3971539456662354,29.456662354463127,,,,,,,,,,,,,,,,,,,Ligue 1,False,False,True,False,False,False,False,False,False,False,False,False,False,False,False,False,False,,,,,,,,,,,,,,,,
Ângelo,Attacker,1089.0,163.0,78.0,0.0,7.0,0,3.0,53.0,30.0,0,27.0,377.0,70.4,0.0,56.60377358490566,angelo,strasbourg,13.47107438016529,6.446280991735537,0.0,0.5785123966942148,0.0,0.2479338842975206,4.380165289256198,2.479338842975207,0.0,2.231404958677686,31.15702479338843,,,,,,,,,,,,,,,,,,,Ligue 1,False,False,False,False,False,False,False,False,False,False,False,False,False,False,False,True,False,,,,,,,,,,,,,,,,
S. Nicholson,Attacker,1487.0,204.0,87.0,4.0,30.0,0,3.0,25.0,8.0,0,18.0,379.0,70.5,0.0,32.0,shamar nicholson,clermont foot,12.34700739744452,5.265635507733692,0.242098184263618,1.8157363819771355,0.0,0.1815736381977135,1.5131136516476127,0.484196368527236,0.0,1.089441829186281,22.93880295897781,,,,,,,,,,,,,,,,,,,Ligue 1,False,False,False,False,False,False,False,False,False,False,False,False,False,False,False,False,False,,,,,,,,,,,,,,,,
M. Daramy,Attacker,1656.0,179.0,95.0,4.0,24.0,0,5.0,89.0,52.0,0,23.0,498.0,76.1,0.0,58.42696629213483,mohamed daramy,reims,9.728260869565217,5.163043478260869,0.217391304347826,1.3043478260869563,0.0,0.2717391304347826,4.836956521739131,2.8260869565217392,0.0,1.25,27.065217391304348,,,,,,,,,,,,,,,,,,,Ligue 1,False,False,False,False,False,False,False,False,False,False,False,False,True,False,False,False,False,,,,,,,,,,,,,,,,
E. Sabbi,Attacker,1588.0,247.0,107.0,5.0,24.0,0,1.0,57.0,20.0,0,10.0,340.0,70.1,0.0,35.08771929824561,emmanuel sabbi,le havre,13.998740554156171,6.064231738035264,0.2833753148614609,1.3602015113350123,0.0,0.0566750629722921,3.2304785894206547,1.1335012594458438,0.0,0.5667506297229219,19.269521410579344,,,,,,,,,,,,,,,,,,,Ligue 1,True,False,False,False,False,False,False,False,False,False,False,False,False,False,False,False,False,,,,,,,,,,,,,,,,
E. Nuamah,Attacker,1846.0,312.0,122.0,3.0,27.0,0,2.0,114.0,51.0,0,29.0,611.0,77.3,0.0,44.73684210526316,ernest nuamah,lyon,15.211267605633802,5.947995666305526,0.1462621885157096,1.3163596966413869,0.0,0.0975081256771397,5.557963163596966,2.486457204767064,0.0,1.4138678223185264,29.7887323943662,,,,,,,,,,,,,,,,,,,Ligue 1,False,False,False,False,True,False,False,False,False,False,False,False,False,False,False,False,False,,,,,,,,,,,,,,,,
Joselu,Attacker,1674.0,134.0,68.0,10.0,48.0,0,2.0,13.0,6.0,0,12.0,347.0,72.2,0.0,46.15384615384615,joselu,real madrid,7.204301075268817,3.655913978494624,0.5376344086021506,2.5806451612903225,0.0,0.1075268817204301,0.6989247311827956,0.3225806451612903,0.0,0.6451612903225806,18.655913978494624,,,,,,,,,,,,,,,,,,,La Liga,,,,,,,,,,,,,,,,,,False,False,False,False,False,False,False,False,False,False,False,False,True,False,False,False
José Arnáiz,Attacker,921.0,129.0,54.0,2.0,20.0,0,1.0,26.0,10.0,0,14.0,270.0,73.3,0.0,38.46153846153847,jose arnaiz,osasuna,12.605863192182412,5.276872964169381,0.1954397394136807,1.954397394136808,0.0,0.0977198697068403,2.54071661237785,0.977198697068404,0.0,1.3680781758957654,26.38436482084691,,,,,,,,,,,,,,,,,,,La Liga,,,,,,,,,,,,,,,,,,False,False,False,False,False,False,False,False,False,False,True,False,False,False,False,False
Adri Embarba,Attacker,2485.0,368.0,166.0,3.0,45.0,0,2.0,110.0,46.0,0,53.0,732.0,65.6,0.0,41.81818181818181,adri embarba,almeria,13.327967806841045,6.012072434607646,0.1086519114688128,1.6297786720321932,0.0,0.0724346076458752,3.9839034205231374,1.6659959758551306,0.0,1.919517102615694,26.511066398390344,,,,,,,,,,,,,,,,,,,La Liga,,,,,,,,,,,,,,,,,,True,False,False,False,False,False,False,False,False,False,False,False,False,False,False,False
Carles Pérez,Attacker,771.0,116.0,43.0,1.0,14.0,0,1.0,32.0,14.0,0,10.0,236.0,77.6,0.0,43.75,carles perez,celta vigo,13.540856031128405,5.019455252918288,0.1167315175097276,1.634241245136187,0.0,0.1167315175097276,3.735408560311284,1.634241245136187,0.0,1.1673151750972763,27.54863813229572,,,,,,,,,,,,,,,,,,,La Liga,,,,,,,,,,,,,,,,,,False,False,False,False,False,True,False,False,False,False,False,False,False,False,False,False
Álvaro Morata,Attacker,1909.0,223.0,112.0,15.0,60.0,0,3.0,33.0,17.0,0,15.0,373.0,69.5,0.0,51.51515151515152,alvaro morata,atletico madrid,10.513357778941854,5.280251440544788,0.7071765322158199,2.8287061288632795,0.0,0.1414353064431639,1.5557883708748037,0.8014667365112624,0.0,0.7071765322158199,17.585123101100052,,,,,,,,,,,,,,,,,,,La Liga,,,,,,,,,,,,,,,,,,False,False,True,False,False,False,False,False,False,False,False,False,False,False,False,False
André Silva,Attacker,728.0,96.0,28.0,3.0,15.0,0,0.0,21.0,5.0,0,5.0,160.0,81.2,0.0,23.809523809523807,andre silva,real sociedad,11.868131868131869,3.4615384615384617,0.3708791208791209,1.8543956043956045,0.0,0.0,2.5961538461538463,0.6181318681318682,0.0,0.6181318681318682,19.78021978021978,,,,,,,,,,,,,,,,,,,La Liga,,,,,,,,,,,,,,,,,,False,False,False,False,False,False,False,False,False,False,False,False,False,True,False,False
Jaime Mata,Attacker,1791.0,274.0,107.0,5.0,24.0,0,1.0,15.0,8.0,0,18.0,472.0,65.3,0.0,53.333333333333336,jaime mata,getafe,13.768844221105526,5.376884422110552,0.2512562814070351,1.206030150753769,0.0,0.050251256281407,0.7537688442211055,0.4020100502512563,0.0,0.9045226130653268,23.71859296482412,,,,,,,,,,,,,,,,,,,La Liga,,,,,,,,,,,,,,,,,,False,False,False,False,False,False,True,False,False,False,False,False,False,False,False,False
Sandro Ramírez,Attacker,1818.0,163.0,77.0,1.0,37.0,0,3.0,47.0,22.0,0,32.0,592.0,74.8,0.0,46.80851063829788,sandro ramirez,las palmas,8.069306930693068,3.811881188118812,0.0495049504950495,1.8316831683168315,0.0,0.1485148514851485,2.3267326732673266,1.089108910891089,0.0,1.584158415841584,29.306930693069305,,,,,,,,,,,,,,,,,,,La Liga,,,,,,,,,,,,,,,,,,False,False,False,False,False,False,False,False,True,False,False,False,False,False,False,False
Marc Cardona,Attacker,724.0,121.0,51.0,4.0,20.0,0,1.0,33.0,14.0,0,8.0,222.0,74.9,0.0,42.42424242424242,marc cardona,las palmas,15.041436464088395,6.3397790055248615,0.4972375690607734,2.4861878453038675,0.0,0.1243093922651933,4.102209944751381,1.740331491712707,0.0,0.9944751381215468,27.596685082872927,,,,,,,,,,,,,,,,,,,La Liga,,,,,,,,,,,,,,,,,,False,False,False,False,False,False,False,False,True,False,False,False,False,False,False,False
Carlos Vicente,Attacker,1119.0,169.0,77.0,2.0,13.0,0,4.0,37.0,15.0,0,34.0,259.0,56.3,0.0,40.54054054054054,carlos vicente,alaves,13.592493297587133,6.193029490616621,0.1608579088471849,1.0455764075067024,0.0,0.3217158176943699,2.975871313672922,1.206434316353887,0.0,2.734584450402145,20.83109919571045,,,,,,,,,,,,,,,,,,,La Liga,,,,,,,,,,,,,,,,,,False,False,False,False,False,False,False,False,False,False,False,False,False,False,False,False
Juanmi,Attacker,872.0,122.0,37.0,3.0,12.0,0,1.0,22.0,9.0,0,11.0,222.0,80.1,0.0,40.909090909090914,juanmi,cadiz,12.591743119266054,3.818807339449541,0.3096330275229358,1.2385321100917432,0.0,0.1032110091743119,2.2706422018348627,0.9288990825688074,0.0,1.135321100917431,22.912844036697244,,,,,,,,,,,,,,,,,,,La Liga,,,,,,,,,,,,,,,,,,False,False,False,False,True,False,False,False,False,False,False,False,False,False,False,False
Borja Mayoral,Attacker,2164.0,272.0,106.0,15.0,34.0,0,1.0,40.0,18.0,0,20.0,532.0,75.6,0.0,45.0,borja mayoral,getafe,11.312384473197785,4.408502772643254,0.6238447319778189,1.4140480591497229,0.0,0.0415896487985212,1.6635859519408505,0.7486136783733826,0.0,0.8317929759704252,22.12569316081331,,,,,,,,,,,,,,,,,,,La Liga,,,,,,,,,,,,,,,,,,False,False,False,False,False,False,True,False,False,False,False,False,False,False,False,False
Luis Rioja,Attacker,2515.0,212.0,96.0,5.0,34.0,0,4.0,65.0,41.0,0,42.0,655.0,64.4,0.0,63.07692307692307,luis rioja,alaves,7.58648111332008,3.4353876739562628,0.1789264413518886,1.216699801192843,0.0,0.1431411530815109,2.326043737574553,1.4671968190854872,0.0,1.502982107355865,23.439363817097416,,,,,,,,,,,,,,,,,,,La Liga,,,,,,,,,,,,,,,,,,False,False,False,False,False,False,False,False,False,False,False,False,False,False,False,False
Hugo Duro,Attacker,2997.0,425.0,183.0,13.0,56.0,0,2.0,36.0,13.0,0,14.0,556.0,71.2,0.0,36.11111111111111,hugo duro,valencia,12.762762762762762,5.495495495495495,0.3903903903903904,1.6816816816816815,0.0,0.06006006006006,1.0810810810810811,0.3903903903903904,0.0,0.4204204204204204,16.696696696696698,,,,,,,,,,,,,,,,,,,La Liga,,,,,,,,,,,,,,,,,,False,False,False,False,False,False,False,False,False,False,False,False,False,False,True,False
Diego López,Attacker,2671.0,329.0,137.0,3.0,28.0,0,6.0,69.0,28.0,0,39.0,706.0,64.7,0.0,40.57971014492754,diego lopez,valencia,11.08573567952078,4.616248596031449,0.1010857356795207,0.943466866342194,0.0,0.2021714713590415,2.324971920628978,0.943466866342194,0.0,1.31411456383377,23.78884312991389,,,,,,,,,,,,,,,,,,,La Liga,,,,,,,,,,,,,,,,,,False,False,False,False,False,False,False,False,False,False,False,False,False,False,True,False
Mikel Oyarzabal,Attacker,2156.0,204.0,78.0,9.0,27.0,0,3.0,25.0,9.0,0,21.0,493.0,73.6,0.0,36.0,mikel oyarzabal,real sociedad,8.515769944341372,3.256029684601113,0.37569573283859,1.12708719851577,0.0,0.1252319109461966,1.043599257884972,0.37569573283859,0.0,0.8766233766233766,20.57977736549165,,,,,,,,,,,,,,,,,,,La Liga,,,,,,,,,,,,,,,,,,False,False,False,False,False,False,False,False,False,False,False,False,False,True,False,False
Abdón Prats,Attacker,1255.0,171.0,72.0,6.0,25.0,0,1.0,18.0,8.0,0,14.0,233.0,55.0,0.0,44.44444444444444,abdon prats,mallorca,12.262948207171316,5.163346613545817,0.4302788844621513,1.792828685258964,0.0,0.0717131474103585,1.290836653386454,0.5737051792828686,0.0,1.00398406374502,16.709163346613547,,,,,,,,,,,,,,,,,,,La Liga,,,,,,,,,,,,,,,,,,False,False,False,False,False,False,False,False,False,True,False,False,False,False,False,False
Raúl de Tomás,Attacker,1277.0,188.0,78.0,1.0,27.0,0,2.0,39.0,20.0,0,8.0,258.0,76.1,0.0,51.28205128205128,raul de tomas,rayo vallecano,13.249804228660922,5.497259201252937,0.0704776820673453,1.9028974158183245,0.0,0.1409553641346906,2.7486296006264683,1.409553641346907,0.0,0.5638214565387627,18.183241973375097,,,,,,,,,,,,,,,,,,,La Liga,,,,,,,,,,,,,,,,,,False,False,False,False,False,False,False,False,False,False,False,True,False,False,False,False
Jorge de Frutos,Attacker,1540.0,161.0,73.0,2.0,23.0,0,0.0,40.0,15.0,0,17.0,419.0,71.2,0.0,37.5,jorge de frutos,rayo vallecano,9.409090909090908,4.266233766233767,0.1168831168831168,1.344155844155844,0.0,0.0,2.337662337662338,0.8766233766233766,0.0,0.9935064935064936,24.48701298701299,,,,,,,,,,,,,,,,,,,La Liga,,,,,,,,,,,,,,,,,,False,False,False,False,False,False,False,False,False,False,False,True,False,False,False,False
Iago Aspas,Attacker,2715.0,215.0,105.0,9.0,61.0,0,10.0,40.0,28.0,0,91.0,1144.0,72.7,0.0,70.0,iago aspas,celta vigo,7.12707182320442,3.480662983425414,0.2983425414364641,2.022099447513812,0.0,0.3314917127071823,1.3259668508287292,0.9281767955801103,0.0,3.016574585635359,37.92265193370166,,,,,,,,,,,,,,,,,,,La Liga,,,,,,,,,,,,,,,,,,False,False,False,False,False,True,False,False,False,False,False,False,False,False,False,False
Gerard Moreno,Attacker,2231.0,278.0,133.0,10.0,44.0,0,6.0,77.0,43.0,0,55.0,959.0,77.8,0.0,55.84415584415584,gerard moreno,villarreal,11.214701927386823,5.365307037203048,0.4034065441506051,1.7749887942626623,0.0,0.242043926490363,3.10623038995966,1.734648139847602,0.0,2.218735992828328,38.68668758404303,,,,,,,,,,,,,,,,,,,La Liga,,,,,,,,,,,,,,,,,,False,False,False,False,False,False,False,False,False,False,False,False,False,False,False,True
Gorka Guruzeta,Attacker,2240.0,341.0,146.0,14.0,46.0,0,5.0,32.0,19.0,0,27.0,601.0,68.3,0.0,59.375,gorka guruzeta,athletic club,13.700892857142856,5.866071428571429,0.5625,1.8482142857142856,0.0,0.2008928571428571,1.2857142857142856,0.7633928571428571,0.0,1.0848214285714286,24.147321428571427,,,,,,,,,,,,,,,,,,,La Liga,,,,,,,,,,,,,,,,,,False,True,False,False,False,False,False,False,False,False,False,False,False,False,False,False
Nico Williams,Attacker,2283.0,352.0,160.0,5.0,38.0,0,11.0,176.0,84.0,0,47.0,661.0,69.9,0.0,47.72727272727273,nico williams,athletic club,13.876478318002627,6.307490144546649,0.1971090670170827,1.4980289093298291,0.0,0.4336399474375821,6.938239159001314,3.3114323258869907,0.0,1.8528252299605783,26.057818659658345,,,,,,,,,,,,,,,,,,,La Liga,,,,,,,,,,,,,,,,,,False,True,False,False,False,False,False,False,False,False,False,False,False,False,False,False
Ilias Akhomach,Attacker,1512.0,281.0,131.0,2.0,17.0,0,2.0,115.0,57.0,0,21.0,443.0,77.3,0.0,49.56521739130435,ilias akhomach,villarreal,16.726190476190474,7.797619047619047,0.119047619047619,1.011904761904762,0.0,0.119047619047619,6.845238095238096,3.392857142857143,0.0,1.25,26.369047619047617,,,,,,,,,,,,,,,,,,,La Liga,,,,,,,,,,,,,,,,,,False,False,False,False,False,False,False,False,False,False,False,False,False,False,False,True
Álex Berenguer,Attacker,1579.0,247.0,88.0,7.0,21.0,0,3.0,58.0,22.0,0,33.0,445.0,62.6,0.0,37.93103448275862,alex berenguer,athletic club,14.078530715642811,5.015832805573147,0.3989867004433186,1.1969601013299558,0.0,0.1709943001899936,3.3058898036732107,1.2539582013932868,0.0,1.8809373020899305,25.3641545281824,,,,,,,,,,,,,,,,,,,La Liga,,,,,,,,,,,,,,,,,,False,True,False,False,False,False,False,False,False,False,False,False,False,False,False,False
Rodrygo,Attacker,2390.0,271.0,128.0,10.0,67.0,0,5.0,128.0,60.0,0,46.0,961.0,87.7,0.0,46.875,rodrygo,real madrid,10.205020920502092,4.820083682008368,0.3765690376569037,2.5230125523012554,0.0,0.1882845188284518,4.820083682008368,2.2594142259414225,0.0,1.7322175732217573,36.18828451882845,,,,,,,,,,,,,,,,,,,La Liga,,,,,,,,,,,,,,,,,,False,False,False,False,False,False,False,False,False,False,False,False,True,False,False,False
Vinícius Júnior,Attacker,1875.0,311.0,138.0,15.0,62.0,0,5.0,160.0,65.0,0,32.0,623.0,72.3,0.0,40.625,vinicius junior,real madrid,14.928,6.624,0.72,2.976,0.0,0.24,7.68,3.12,0.0,1.536,29.904,,,,,,,,,,,,,,,,,,,La Liga,,,,,,,,,,,,,,,,,,False,False,False,False,False,False,False,False,False,False,False,False,True,False,False,False
Ferran Torres,Attacker,1202.0,94.0,39.0,7.0,25.0,0,2.0,22.0,10.0,0,26.0,418.0,78.0,0.0,45.45454545454545,ferran torres,barcelona,7.038269550748752,2.9201331114808653,0.5241264559068219,1.8718801996672207,0.0,0.1497504159733777,1.6472545757071548,0.7487520798668885,0.0,1.9467554076539104,31.297836938435942,,,,,,,,,,,,,,,,,,,La Liga,,,,,,,,,,,,,,,,,,False,False,False,True,False,False,False,False,False,False,False,False,False,False,False,False
Raphinha,Attacker,1370.0,135.0,72.0,6.0,47.0,0,9.0,43.0,24.0,0,41.0,587.0,75.3,0.0,55.81395348837209,raphinha,barcelona,8.868613138686133,4.729927007299271,0.3941605839416058,3.0875912408759127,0.0,0.5912408759124088,2.8248175182481754,1.5766423357664234,0.0,2.6934306569343067,38.56204379562044,,,,,,,,,,,,,,,,,,,La Liga,,,,,,,,,,,,,,,,,,False,False,False,True,False,False,False,False,False,False,False,False,False,False,False,False
Lamine Yamal,Attacker,2196.0,328.0,185.0,5.0,44.0,0,5.0,129.0,70.0,0,38.0,1026.0,79.8,0.0,54.26356589147287,lamine yamal,barcelona,13.442622950819674,7.581967213114754,0.2049180327868852,1.8032786885245904,0.0,0.2049180327868852,5.286885245901639,2.8688524590163937,0.0,1.5573770491803278,42.04918032786885,,,,,,,,,,,,,,,,,,,La Liga,,,,,,,,,,,,,,,,,,False,False,False,True,False,False,False,False,False,False,False,False,False,False,False,False
Gonçalo Guedes,Attacker,948.0,70.0,34.0,3.0,17.0,0,2.0,16.0,10.0,0,19.0,300.0,76.6,0.0,62.5,goncalo guedes,villarreal,6.6455696202531644,3.2278481012658227,0.2848101265822785,1.6139240506329111,0.0,0.1898734177215189,1.5189873417721518,0.9493670886075948,0.0,1.8037974683544304,28.48101265822785,,,,,,,,,,,,,,,,,,,La Liga,,,,,,,,,,,,,,,,,,False,False,False,False,False,False,False,False,False,False,False,False,False,False,False,True
Sávio,Attacker,2992.0,406.0,216.0,9.0,34.0,0,10.0,195.0,104.0,0,54.0,928.0,76.3,0.0,53.333333333333336,savio,girona,12.212566844919785,6.497326203208556,0.2707219251336898,1.0227272727272727,0.0,0.3008021390374331,5.865641711229946,3.128342245989305,0.0,1.624331550802139,27.9144385026738,,,,,,,,,,,,,,,,,,,La Liga,,,,,,,,,,,,,,,,,,False,False,False,False,False,False,False,True,False,False,False,False,False,False,False,False
Rubén Sobrino,Attacker,1648.0,268.0,121.0,0.0,12.0,0,1.0,39.0,16.0,0,22.0,497.0,73.6,0.0,41.02564102564102,ruben sobrino,cadiz,14.635922330097088,6.608009708737864,0.0,0.6553398058252428,0.0,0.0546116504854368,2.1298543689320386,0.8737864077669902,0.0,1.2014563106796117,27.141990291262136,,,,,,,,,,,,,,,,,,,La Liga,,,,,,,,,,,,,,,,,,False,False,False,False,True,False,False,False,False,False,False,False,False,False,False,False
Chris Ramos,Attacker,2626.0,599.0,265.0,5.0,64.0,0,1.0,62.0,18.0,0,14.0,468.0,56.4,0.0,29.03225806451613,chris ramos,cadiz,20.52932216298553,9.082254379284082,0.1713632901751713,2.1934501142421934,0.0,0.0342726580350342,2.1249047981721247,0.6169078446306169,0.0,0.4798172124904798,16.03960396039604,,,,,,,,,,,,,,,,,,,La Liga,,,,,,,,,,,,,,,,,,False,False,False,False,True,False,False,False,False,False,False,False,False,False,False,False
Léo Baptistão,Attacker,1932.0,250.0,114.0,6.0,39.0,0,0.0,26.0,12.0,0,19.0,532.0,64.4,0.0,46.15384615384615,leo baptistao,almeria,11.645962732919257,5.3105590062111805,0.2795031055900621,1.816770186335404,0.0,0.0,1.2111801242236024,0.5590062111801242,0.0,0.8850931677018634,24.782608695652176,,,,,,,,,,,,,,,,,,,La Liga,,,,,,,,,,,,,,,,,,True,False,False,False,False,False,False,False,False,False,False,False,False,False,False,False
José Luis Morales,Attacker,1037.0,80.0,20.0,7.0,19.0,0,0.0,31.0,9.0,0,5.0,201.0,72.0,0.0,29.03225806451613,jose luis morales,villarreal,6.943105110896818,1.7357762777242045,0.6075216972034715,1.6489874638379944,0.0,0.0,2.690453230472517,0.781099324975892,0.0,0.4339440694310511,17.444551591128253,,,,,,,,,,,,,,,,,,,La Liga,,,,,,,,,,,,,,,,,,False,False,False,False,False,False,False,False,False,False,False,False,False,False,False,True
